{
    "trials1_sample100000": {
        "best_params": {
            "ngram_range": [
                1,
                1
            ],
            "min_df": 40,
            "max_features": 23332,
            "C": 0.00100484530502589
        },
        "f1_score": 0.7195324436675192,
        "n_trials": 1,
        "sample_size": 100000
    },
    "trials150_sample100000": {
        "best_params": {
            "ngram_range": [
                1,
                2
            ],
            "min_df": 7,
            "max_features": 27816,
            "C": 1.4019047573082366
        },
        "f1_score": 0.7966076889888422,
        "n_trials": 150,
        "sample_size": 100000
    }
}