{
    "trials1_sample100000": {
        "best_params": {
            "ngram_range": [
                1,
                2
            ],
            "min_df": 46,
            "max_features": 6036,
            "C": 0.02655051336006148
        },
        "f1_score": 0.7591379180845088,
        "n_trials": 1,
        "sample_size": 100000
    },
    "trials150_sample100000": {
        "best_params": {
            "ngram_range": [
                1,
                3
            ],
            "min_df": 7,
            "max_features": 29877,
            "C": 1.0714280351821215
        },
        "f1_score": 0.7967505463801134,
        "n_trials": 150,
        "sample_size": 100000
    }
}