{
    "trials1_sample100000": {
        "best_params": {
            "ngram_range": [
                1,
                2
            ],
            "min_df": 46,
            "max_features": 6036,
            "C": 0.02655051336006148
        },
        "f1_score": 0.7591379180845088,
        "n_trials": 1,
        "sample_size": 100000
    },
    "trials150_sample100000": {
        "best_params": {
            "ngram_range": [
                1,
                2
            ],
            "min_df": 7,
            "max_features": 27816,
            "C": 1.4019047573082366
        },
        "f1_score": 0.7966076889888422,
        "n_trials": 150,
        "sample_size": 100000
    }
}