{
    "trials1_sample100000": {
        "best_params": {
            "ngram_range": [
                1,
                1
            ],
            "min_df": 40,
            "max_features": 23332,
            "C": 0.00100484530502589
        },
        "f1_score": 0.7195324436675192,
        "n_trials": 1,
        "sample_size": 100000
    },
    "trials150_sample100000": {
        "best_params": {
            "ngram_range": [
                1,
                3
            ],
            "min_df": 8,
            "max_features": 26841,
            "C": 1.016416403839355
        },
        "f1_score": 0.7968897034453823,
        "n_trials": 150,
        "sample_size": 100000
    }
}